969,3152.25
970,3153.75
971,3153.75
972,3153.75
973,3153.75
974,3153.75
975,3153.75
976,3153.75
977,3153.75
978,3153.75
979,3153.75
980,3153.75
981,3153.75
982,3153.75
983,3153.75
984,3153.75
985,3153.75
986,3153.75
987,3153.75
988,3153.75
989,3153.75
990,3153.75
991,3153.75
992,3153.75
993,3153.75
994,3153.75
995,3153.75
996,3153.75
997,3153.75
998,3153.75
999,3153.75
1000,3153.75
1001,3153.75
1002,3153.75
1003,3153.75
1004,3153.75
1005,3153.75
1006,3153.75
1007,3153.75
1008,3153.75
1009,3153.75
1010,3153.75
1011,3153.75
1012,3153.75
1013,3153.75
1014,3153.75
1015,3153.75
1016,3153.75
1017,3153.75
1018,3153.75
1019,3153.75
1020,3153.75
1021,3153.75
1022,3153.75
1023,3153.75
1024,3153.75
1025,3153.75
1026,3153.75
1027,3153.75
1028,3153.75
1029,3153.75
1030,3153.75
1031,3153.75
1032,3153.75
1033,3153.75
1034,3153.75
1035,3153.75
1036,3155.25
1037,3153.75
1038,3153.75
1039,3153.75
1040,3153.75
1041,3153.75
1042,3153.75
1043,3153.75
1044,3153.75
1045,3153.75
1046,3153.75
1047,3153.75
1048,3153.75
1049,3155.25
1050,3155.25
1051,3153.75
1052,3155.25
1053,3153.75
1054,3155.25
1055,3155.25
1056,3155.25
1057,3155.25
1058,3155.25
1059,3155.25
1060,3155.25
1061,3155.25
1062,3155.25
1063,3155.25
1064,3155.25
1065,3155.25
1066,3155.25
1067,3155.25
1068,3155.25
1069,3155.25
1070,3155.25
1071,3155.25
1072,3155.25
1073,3155.25
1074,3155.25
1075,3155.25
1076,3155.25
1077,3155.25
1078,3156.75
1079,3155.25
1080,3155.25
1081,3155.25
1082,3156.75
1083,3155.25
1084,3156.75
1085,3155.25
1086,3156.75
1087,3155.25
1088,3156.75
1089,3156.75
1090,3156.75
1091,3156.75
1092,3156.75
1093,3156.75
1094,3156.75
1095,3156.75
1096,3156.75
1097,3156.75
1098,3156.75
1099,3156.75
1100,3156.75
1101,3156.75
1102,3156.75
1103,3156.75
1104,3156.75
1105,3156.75
1106,3156.75
1107,3156.75
1108,3156.75
1109,3156.75
1110,3156.75
1111,3155.25
1112,3156.75
1113,3156.75
1114,3156.75
1115,3156.75
1116,3156.75
1117,3156.75
1118,3156.75
1119,3155.25
1120,3155.25
1121,3155.25
1122,3155.25
1123,3155.25
1124,3156.75
1125,3155.25
1126,3156.75
1127,3155.25
1128,3156.75
1129,3155.25
1130,3156.75
1131,3155.25
1132,3156.75
1133,3156.75
1134,3156.75
1135,3156.75
1136,3156.75
1137,3155.25
1138,3156.75
1139,3155.25
1140,3155.25
1141,3155.25
1142,3155.25
1143,3155.25
1144,3155.25
1145,3155.25
1146,3156.75
1147,3155.25
1148,3155.25
1149,3155.25
1150,3155.25
1151,3155.25
1152,3155.25
1153,3155.25
1154,3155.25
1155,3155.25
1156,3155.25
1157,3155.25
1158,3155.25
1159,3153.75
1160,3155.25
1161,3153.75
1162,3155.25
1163,3153.75
1164,3155.25
1165,3153.75
1166,3155.25
1167,3153.75
1168,3153.75
1169,3153.75
1170,3153.75
1171,3153.75
1172,3153.75
1173,3153.75
1174,3153.75
1175,3152.25
1176,3152.25
1177,3152.25
1178,3152.25
1179,3152.25
1180,3152.25
1181,3152.25
1182,3152.25
1183,3152.25
1184,3152.25
1185,3152.25
1186,3152.25
1187,3152.25
1188,3152.25
1189,3152.25
1190,3152.25
1191,3150.75
1192,3150.75
1193,3150.75
1194,3150.75
1195,3150.75
1196,3149.25
1197,3149.25
1198,3149.25
1199,3149.25
1200,3149.25
1201,3149.25
1202,3149.25
1203,3149.25
1204,3149.25
1205,3147.75
1206,3147.75
1207,3147.75
1208,3147.75
1209,3147.75
1210,3147.75
1211,3147.75
1212,3147.75
1213,3147.75
1214,3147.75
1215,3147.75
1216,3147.75
1217,3147.75
1218,3147.75
1219,3147.75
1220,3147.75
1221,3147.75
1222,3147.75
1223,3147.75
1224,3147.75
1225,3147.75
1226,3147.75
1227,3147.75
1228,3147.75
1229,3147.75
1230,3147.75
1231,3147.75
1232,3147.75
1233,3147.75
1234,3147.75
1235,3146.25
1236,3147.75
1237,3147.75
1238,3147.75
1239,3147.75
1240,3147.75
1241,3147.75
1242,3147.75
1243,3147.75
1244,3147.75
1245,3147.75
1246,3147.75
1247,3147.75
1248,3147.75
1249,3147.75
1250,3147.75
1251,3147.75
1252,3147.75
1253,3147.75
1254,3147.75
1255,3147.75
1256,3147.75
1257,3147.75
1258,3147.75
1259,3147.75
1260,3147.75
1261,3147.75
1262,3147.75
1263,3149.25
1264,3149.25
1265,3147.75
1266,3149.25
1267,3149.25
1268,3149.25
1269,3147.75
1270,3149.25
1271,3149.25
1272,3149.25
1273,3149.25
1274,3149.25
1275,3149.25
1276,3149.25
1277,3149.25
1278,3149.25
1279,3149.25
1280,3149.25
1281,3149.25
1282,3149.25
1283,3149.25
1284,3149.25
1285,3149.25
1286,3149.25
1287,3149.25
1288,3149.25
1289,3147.75
1290,3149.25
1291,3149.25
1292,3149.25
1293,3147.75
1294,3149.25
1295,3149.25
1296,3149.25
1297,3149.25
1298,3149.25
1299,3149.25
1300,3149.25
1301,3149.25
1302,3147.75
1303,3147.75
1304,3149.25
1305,3147.75
1306,3149.25
1307,3149.25
1308,3149.25
1309,3147.75
1310,3149.25
1311,3149.25
1312,3149.25
1313,3149.25
1314,3149.25
1315,3149.25
1316,3149.25
1317,3149.25
1318,3149.25
1319,3149.25
1320,3149.25
1321,3149.25
1322,3149.25
1323,3149.25
1324,3149.25
1325,3149.25
1326,3149.25
1327,3149.25
1328,3149.25
1329,3147.75
1330,3149.25
1331,3149.25
1332,3149.25
1333,3149.25
1334,3149.25
1335,3147.75
1336,3149.25
1337,3149.25
1338,3149.25
1339,3149.25
1340,3149.25
1341,3147.75
1342,3149.25
1343,3149.25
1344,3149.25
1345,3149.25
1346,3149.25
1347,3147.75
1348,3149.25
1349,3149.25
1350,3149.25
1351,3147.75
1352,3149.25
1353,3149.25
1354,3149.25
1355,3147.75
1356,3149.25
1357,3147.75
1358,3147.75
1359,3147.75
1360,3149.25
1361,3147.75
1362,3149.25
1363,3147.75
1364,3149.25
1365,3147.75
1366,3147.75
1367,3147.75
1368,3149.25
1369,3147.75
1370,3149.25
1371,3147.75
1372,3147.75
1373,3147.75
1374,3147.75
1375,3147.75
1376,3149.25
1377,3147.75
1378,3147.75
1379,3147.75
1380,3147.75
1381,3147.75
1382,3147.75
1383,3147.75
1384,3147.75
1385,3147.75
1386,3147.75
1387,3147.75
1388,3147.75
1389,3147.75
1390,3149.25
1391,3147.75
1392,3147.75
1393,3147.75
1394,3147.75
1395,3147.75
1396,3147.75
1397,3147.75
1398,3147.75
1399,3147.75
1400,3147.75
1401,3147.75
1402,3147.75
1403,3147.75
1404,3147.75
1405,3147.75
1406,3147.75
1407,3147.75
1408,3147.75
1409,3147.75
1410,3147.75
1411,3147.75
1412,3147.75
1413,3147.75
1414,3147.75
1415,3147.75
1416,3147.75
1417,3147.75
1418,3147.75
1419,3147.75
1420,3147.75
1421,3147.75
1422,3147.75
1423,3147.75
1424,3147.75
1425,3147.75
1426,3147.75
1427,3146.25
1428,3146.25
1429,3147.75
1430,3146.25
1431,3146.25
1432,3146.25
1433,3146.25
1434,3147.75
1435,3146.25
1436,3147.75
1437,3146.25
1438,3146.25
1439,3146.25
1440,3146.25
1441,3146.25
1442,3147.75
1443,3146.25
1444,3146.25
1445,3146.25
1446,3146.25
1447,3146.25
1448,3146.25
1449,3146.25
1450,3146.25
1451,3146.25
1452,3146.25
1453,3146.25
1454,3146.25
1455,3146.25
1456,3146.25
1457,3146.25
1458,3146.25
1459,3146.25
1460,3146.25
1461,3146.25
1462,3146.25
1463,3146.25
1464,3146.25
1465,3144.75
1466,3146.25
1467,3146.25
1468,3146.25
1469,3144.75
1470,3146.25
1471,3144.75
1472,3146.25
1473,3144.75
1474,3144.75
1475,3144.75
1476,3146.25
1477,3144.75
1478,3144.75
1479,3144.75
1480,3146.25
1481,3144.75
1482,3144.75
1483,3144.75
1484,3144.75
1485,3144.75
1486,3144.75
1487,3144.75
1488,3144.75
1489,3144.75
1490,3144.75
1491,3144.75
1492,3144.75
1493,3144.75
1494,3144.75
1495,3144.75
1496,3144.75
1497,3144.75
1498,3144.75
1499,3144.75
1500,3144.75
1501,3144.75
1502,3144.75
1503,3144.75
1504,3144.75
1505,3144.75
1506,3144.75
1507,3144.75
1508,3144.75
1509,3144.75
1510,3144.75
1511,3144.75
1512,3144.75
1513,3144.75
1514,3144.75
1515,3143.25
1516,3143.25
1517,3143.25
1518,3143.25
1519,3143.25
1520,3143.25
1521,3143.25
1522,3143.25
1523,3143.25
1524,3143.25
1525,3143.25
1526,3143.25
1527,3143.25
1528,3143.25
1529,3143.25
1530,3143.25
1531,3143.25
1532,3143.25
1533,3143.25
1534,3143.25
1535,3143.25
1536,3143.25
1537,3143.25
1538,3143.25
1539,3143.25
1540,3143.25
1541,3141.75
1542,3143.25
1543,3141.75
1544,3143.25
1545,3141.75
1546,3141.75
1547,3141.75
1548,3141.75
1549,3141.75
1550,3143.25
1551,3141.75
1552,3141.75
1553,3141.75
1554,3141.75
1555,3141.75
1556,3141.75
1557,3141.75
1558,3141.75
1559,3141.75
1560,3141.75
1561,3141.75
1562,3141.75
1563,3141.75
1564,3141.75
1565,3141.75
1566,3141.75
1567,3141.75
1568,3141.75
1569,3141.75
1570,3141.75
1571,3141.75
1572,3141.75
1573,3141.75
1574,3141.75
1575,3141.75
1576,3141.75
1577,3141.75
1578,3141.75
1579,3141.75
1580,3141.75
1581,3141.75
1582,3141.75
1583,3140.25
1584,3141.75
1585,3140.25
1586,3141.75
1587,3140.25
1588,3141.75
1589,3141.75
1590,3141.75
1591,3140.25
1592,3140.25
1593,3140.25
1594,3141.75
1595,3140.25
1596,3140.25
1597,3140.25
1598,3140.25
1599,3140.25
1600,3140.25
1601,3140.25
1602,3140.25
1603,3140.25
1604,3140.25
1605,3140.25
1606,3140.25
1607,3140.25
1608,3140.25
1609,3140.25
1610,3140.25
1611,3140.25
1612,3140.25
1613,3140.25
1614,3140.25
1615,3140.25
1616,3140.25
1617,3140.25
1618,3140.25
1619,3140.25
1620,3140.25
1621,3140.25
1622,3140.25
1623,3140.25
1624,3140.25
1625,3140.25
1626,3138.75
1627,3138.75
1628,3140.25
1629,3138.75
1630,3138.75
1631,3138.75
1632,3140.25
1633,3138.75
1634,3138.75
1635,3138.75
1636,3138.75
1637,3138.75
1638,3138.75
1639,3138.75
1640,3138.75
1641,3138.75
1642,3138.75
1643,3138.75
1644,3138.75
1645,3138.75
1646,3138.75
1647,3138.75
1648,3138.75
1649,3137.25
1650,3138.75
1651,3137.25
1652,3138.75
1653,3138.75
1654,3138.75
1655,3138.75
1656,3138.75
1657,3137.25
1658,3138.75
1659,3137.25
1660,3138.75
1661,3137.25
1662,3137.25
1663,3137.25
1664,3137.25
1665,3137.25
1666,3137.25
1667,3137.25
1668,3137.25
1669,3137.25
1670,3137.25
1671,3137.25
1672,3137.25
1673,3137.25
1674,3137.25
1675,3137.25
1676,3137.25
1677,3137.25
1678,3137.25
1679,3137.25
1680,3137.25
1681,3137.25
1682,3137.25
1683,3137.25
1684,3137.25
1685,3137.25
1686,3137.25
1687,3135.75
1688,3137.25
1689,3135.75
1690,3137.25
1691,3137.25
1692,3135.75
1693,3135.75
1694,3137.25
1695,3135.75
1696,3135.75
1697,3135.75
1698,3135.75
1699,3135.75
1700,3135.75
1701,3135.75
1702,3135.75
1703,3135.75
1704,3135.75
1705,3135.75
1706,3135.75
1707,3135.75
1708,3135.75
1709,3135.75
1710,3135.75
1711,3135.75
1712,3135.75
1713,3135.75
1714,3135.75
1715,3135.75
1716,3135.75
1717,3135.75
1718,3135.75
1719,3135.75
1720,3135.75
1721,3135.75
1722,3135.75
1723,3135.75
1724,3135.75
1725,3135.75
1726,3135.75
1727,3135.75
1728,3135.75
1729,3134.25
1730,3135.75
1731,3135.75
1732,3135.75
1733,3135.75
1734,3135.75
1735,3135.75
1736,3137.25
1737,3135.75
1738,3137.25
1739,3137.25
1740,3137.25
1741,3137.25
1742,3137.25
1743,3137.25
1744,3137.25
1745,3137.25
1746,3137.25
1747,3137.25
1748,3137.25
1749,3137.25
1750,3138.75
1751,3137.25
1752,3138.75
1753,3137.25
1754,3138.75
1755,3138.75
1756,3138.75
1757,3138.75
1758,3138.75
1759,3138.75
1760,3138.75
1761,3138.75
1762,3140.25
1763,3138.75
1764,3140.25
1765,3138.75
1766,3140.25
1767,3140.25
1768,3140.25
1769,3140.25
1770,3140.25
1771,3140.25
1772,3140.25
1773,3140.25
1774,3140.25
1775,3140.25
1776,3140.25
1777,3140.25
1778,3141.75
1779,3140.25
1780,3141.75
1781,3141.75
1782,3141.75
1783,3140.25
1784,3141.75
1785,3141.75
1786,3141.75
1787,3141.75
1788,3141.75
1789,3141.75
1790,3141.75
1791,3141.75
1792,3141.75
1793,3141.75
1794,3141.75
1795,3141.75
1796,3141.75
1797,3141.75
1798,3141.75
1799,3141.75
1800,3141.75
1801,3141.75
1802,3141.75
1803,3141.75
1804,3143.25
1805,3143.25
1806,3143.25
1807,3141.75
1808,3143.25
1809,3143.25
1810,3143.25
1811,3143.25
1812,3143.25
1813,3143.25
1814,3143.25
1815,3143.25
1816,3143.25
1817,3143.25
1818,3143.25
1819,3143.25
1820,3143.25
1821,3143.25
1822,3143.25
1823,3143.25
1824,3143.25
1825,3143.25
1826,3143.25
1827,3143.25
1828,3144.75
1829,3143.25
1830,3144.75
1831,3143.25
1832,3143.25
1833,3143.25
1834,3143.25
1835,3143.25
1836,3143.25
1837,3143.25
1838,3144.75
1839,3144.75
1840,3144.75
1841,3143.25
1842,3144.75
1843,3144.75
1844,3144.75
1845,3144.75
1846,3144.75
1847,3144.75
1848,3144.75
1849,3143.25
1850,3144.75
1851,3144.75
1852,3143.25
1853,3143.25
1854,3144.75
1855,3144.75
1856,3143.25
1857,3144.75
1858,3143.25
1859,3144.75
1860,3144.75
1861,3143.25
1862,3144.75
1863,3144.75
1864,3144.75
1865,3143.25
1866,3144.75
1867,3143.25
1868,3144.75
1869,3143.25
1870,3143.25
1871,3143.25
1872,3144.75
1873,3143.25
1874,3144.75
1875,3143.25
1876,3143.25
1877,3143.25
1878,3144.75
1879,3143.25
1880,3143.25
1881,3143.25
1882,3143.25
1883,3143.25
1884,3143.25
1885,3143.25
1886,3144.75
1887,3143.25
1888,3144.75
1889,3143.25
1890,3143.25
1891,3143.25
1892,3143.25
1893,3143.25
1894,3144.75
1895,3144.75
1896,3144.75
1897,3144.75
1898,3144.75
1899,3143.25
1900,3144.75
1901,3144.75
1902,3144.75
1903,3143.25
1904,3144.75
1905,3144.75
1906,3144.75
1907,3144.75
1908,3144.75
1909,3144.75
1910,3144.75
1911,3144.75
1912,3144.75
1913,3144.75
1914,3144.75
1915,3144.75
1916,3144.75
1917,3144.75
1918,3144.75
1919,3144.75
1920,3144.75
1921,3144.75
1922,3144.75
1923,3144.75
1924,3144.75
1925,3144.75
1926,3144.75
1927,3144.75
1928,3144.75
1929,3144.75
1930,3144.75
1931,3144.75
1932,3144.75
1933,3144.75
1934,3144.75
1935,3144.75
1936,3144.75
1937,3144.75
1938,3144.75
1939,3144.75
1940,3144.75
1941,3144.75
1942,3144.75
1943,3144.75
1944,3144.75
1945,3144.75
1946,3144.75
1947,3144.75
1948,3144.75
1949,3144.75
1950,3144.75
1951,3144.75
1952,3144.75
1953,3144.75
1954,3144.75
1955,3143.25
1956,3144.75
1957,3143.25
1958,3144.75
1959,3143.25
1960,3144.75
1961,3143.25
1962,3144.75
1963,3144.75
1964,3144.75
1965,3144.75
1966,3144.75
1967,3144.75
1968,3143.25
1969,3144.75
1970,3144.75
1971,3143.25
1972,3144.75
1973,3144.75
1974,3143.25
1975,3143.25
1976,3144.75
1977,3143.25
1978,3143.25
1979,3143.25
1980,3143.25
1981,3143.25
1982,3143.25
1983,3143.25
1984,3143.25
1985,3143.25
1986,3143.25
1987,3143.25
1988,3143.25
1989,3143.25
1990,3143.25
1991,3143.25
1992,3143.25
1993,3143.25
1994,3143.25
1995,3143.25
1996,3143.25
1997,3143.25
1998,3143.25
1999,3143.25
2000,3143.25
2001,3141.75
2002,3141.75
2003,3141.75
2004,3141.75
2005,3141.75
2006,3141.75
2007,3141.75
2008,3141.75
2009,3141.75
2010,3141.75
2011,3141.75
2012,3141.75
2013,3140.25
2014,3140.25
2015,3140.25
2016,3140.25
2017,3140.25
2018,3140.25
2019,3140.25
2020,3140.25
2021,3138.75
2022,3138.75
2023,3138.75
2024,3138.75
2025,3138.75
2026,3138.75
2027,3137.25
2028,3138.75
2029,3137.25
2030,3137.25
2031,3137.25
2032,3137.25
2033,3137.25
2034,3137.25
2035,3137.25
2036,3137.25
2037,3135.75
2038,3137.25
2039,3137.25
2040,3137.25
2041,3135.75
2042,3135.75
2043,3135.75
2044,3135.75
2045,3135.75
2046,3135.75
2047,3135.75
2048,3135.75
2049,3135.75
2050,3135.75
2051,3135.75
2052,3135.75
2053,3135.75
2054,3135.75
2055,3135.75
2056,3134.25
2057,3134.25
2058,3135.75
2059,3135.75
2060,3135.75
2061,3134.25
2062,3135.75
2063,3134.25
2064,3134.25
2065,3134.25
2066,3134.25
2067,3134.25
2068,3134.25
2069,3132.75
2070,3132.75
2071,3132.75
2072,3132.75
2073,3131.25
2074,3131.25
2075,3131.25
2076,3131.25
2077,3129.75
2078,3129.75
2079,3129.75
2080,3129.75
2081,3129.75
2082,3128.25
2083,3128.25
2084,3128.25
2085,3126.75
2086,3126.75
2087,3126.75
2088,3126.75
2089,3125.25
2090,3125.25
2091,3125.25
2092,3125.25
2093,3123.75
2094,3123.75
2095,3123.75
2096,3123.75
2097,3123.75
2098,3123.75
2099,3123.75
2100,3123.75
2101,3122.25
2102,3122.25
2103,3122.25
2104,3122.25
2105,3122.25
2106,3122.25
2107,3120.75
2108,3122.25
2109,3120.75
2110,3120.75
2111,3120.75
2112,3120.75
2113,3120.75
2114,3120.75
2115,3119.25
2116,3120.75
2117,3119.25
2118,3119.25
2119,3119.25
2120,3119.25
2121,3119.25
2122,3119.25
2123,3119.25
2124,3119.25
2125,3119.25
2126,3117.75
2127,3117.75
2128,3117.75
2129,3117.75
2130,3117.75
2131,3116.25
2132,3116.25
2133,3116.25
2134,3116.25
2135,3116.25
2136,3116.25
2137,3116.25
2138,3116.25
2139,3116.25
2140,3116.25
2141,3116.25
2142,3117.75
2143,3117.75
2144,3117.75
2145,3116.25
2146,3117.75
2147,3116.25
2148,3116.25
2149,3116.25
2150,3116.25
2151,3116.25
2152,3116.25
2153,3116.25
2154,3116.25
2155,3116.25
2156,3116.25
2157,3116.25
2158,3116.25
2159,3116.25
2160,3117.75
2161,3117.75
2162,3117.75
2163,3117.75
2164,3119.25
2165,3117.75
2166,3119.25
2167,3119.25
2168,3120.75
2169,3120.75
2170,3120.75
2171,3120.75
2172,3120.75
2173,3120.75
2174,3120.75
2175,3120.75
2176,3120.75
2177,3120.75
2178,3120.75
2179,3119.25
2180,3119.25
2181,3119.25
2182,3119.25
2183,3117.75
2184,3119.25
2185,3117.75
2186,3119.25
2187,3117.75
2188,3113.25
2189,3116.25
2190,3116.25
2191,3114.75
2192,3114.75
2193,3111.75
2194,3113.25
2195,3110.25
2196,3111.75
2197,3108.75
2198,3110.25
2199,3107.25
2200,3108.75
2201,3107.25
2202,3108.75
2203,3108.75
2204,3104.25
2205,3104.25
2206,3098.25
2207,3099.75
2208,3093.75
2209,3095.25
2210,3090.75
2211,3090.75
2212,3087.75
2213,3087.75
2214,3083.25
2215,3084.75
2216,3080.25
2217,3081.75
2218,3078.75
2219,3080.25
2220,3075.75
2221,3078.75
2222,3074.25
2223,3077.25
2224,3072.75
2225,3075.75
2226,3072.75
2227,3075.75
2228,3071.25
2229,3075.75
2230,3072.75
2231,3075.75
2232,3072.75
2233,3075.75
2234,3074.25
2235,3077.25
2236,3074.25
2237,3078.75
2238,3077.25
2239,3080.25
2240,3078.75
2241,3083.25
2242,3081.75
2243,3084.75
2244,3084.75
2245,3087.75
2246,3087.75
2247,3092.25
2248,3090.75
2249,3095.25
2250,3093.75
2251,3098.25
2252,3098.25
2253,3102.75
2254,3101.25
2255,3107.25
2256,3105.75
2257,3110.25
2258,3108.75
2259,3113.25
2260,3110.25
2261,3114.75
2262,3111.75
2263,3116.25
2264,3114.75
2265,3117.75
2266,3114.75
2267,3119.25
2268,3117.75
2269,3122.25
2270,3120.75
2271,3123.75
2272,3123.75
2273,3126.75
2274,3126.75
2275,3131.25
2276,3129.75
2277,3131.25
2278,3129.75
2279,3131.25
2280,3129.75
2281,3131.25
2282,3131.25
2283,3131.25
2284,3131.25
2285,3131.25
2286,3131.25
2287,3131.25
2288,3131.25
2289,3131.25
2290,3131.25
2291,3131.25
2292,3131.25
2293,3131.25
2294,3131.25
2295,3131.25
2296,3131.25
2297,3131.25
2298,3131.25
2299,3131.25
2300,3131.25
2301,3131.25
2302,3131.25
2303,3131.25
2304,3129.75
2305,3131.25
2306,3131.25
2307,3129.75
2308,3129.75
2309,3129.75
2310,3129.75
2311,3129.75
2312,3129.75
2313,3129.75
2314,3129.75
2315,3129.75
2316,3129.75
2317,3129.75
2318,3128.25
2319,3128.25
2320,3128.25
2321,3128.25
2322,3128.25
2323,3128.25
2324,3128.25
2325,3126.75
2326,3126.75
2327,3126.75
2328,3126.75
2329,3126.75
2330,3126.75
2331,3126.75
2332,3126.75
2333,3126.75
2334,3126.75
2335,3125.25
2336,3125.25
2337,3125.25
2338,3125.25
2339,3125.25
2340,3125.25
2341,3123.75
2342,3123.75
2343,3123.75
2344,3123.75
2345,3123.75
2346,3123.75
2347,3123.75
2348,3123.75
2349,3123.75
2350,3123.75
2351,3122.25
2352,3122.25
2353,3122.25
2354,3122.25
2355,3122.25
2356,3122.25
2357,3122.25
2358,3122.25
2359,3120.75
2360,3120.75
2361,3120.75
2362,3120.75
2363,3120.75
2364,3120.75
2365,3119.25
2366,3120.75
2367,3119.25
2368,3119.25
2369,3119.25
2370,3119.25
2371,3119.25
2372,3119.25
2373,3119.25
2374,3119.25
2375,3117.75
2376,3117.75
2377,3117.75
2378,3117.75
2379,3117.75
2380,3117.75
2381,3116.25
2382,3116.25
2383,3116.25
2384,3116.25
2385,3116.25
2386,3116.25
2387,3116.25
2388,3116.25
2389,3116.25
2390,3114.75
2391,3114.75
2392,3116.25
2393,3114.75
2394,3114.75
2395,3114.75
2396,3114.75
2397,3114.75
2398,3114.75
2399,3113.25
2400,3114.75
2401,3113.25
2402,3113.25
2403,3113.25
2404,3113.25
2405,3113.25
2406,3113.25
2407,3113.25
2408,3113.25
2409,3111.75
2410,3111.75
2411,3111.75
2412,3111.75
2413,3111.75
2414,3111.75
2415,3111.75
2416,3111.75
2417,3110.25
2418,3111.75
2419,3110.25
2420,3111.75
2421,3110.25
2422,3111.75
2423,3110.25
2424,3110.25
2425,3110.25
2426,3110.25
2427,3110.25
2428,3110.25
2429,3108.75
2430,3108.75
2431,3108.75
2432,3108.75
2433,3107.25
2434,3107.25
2435,3107.25
2436,3107.25
2437,3107.25
2438,3105.75
2439,3105.75
2440,3105.75
2441,3105.75
2442,3105.75
2443,3105.75
2444,3105.75
2445,3104.25
2446,3104.25
2447,3102.75
2448,3104.25
2449,3102.75
2450,3102.75
2451,3101.25
2452,3101.25
2453,3101.25
2454,3101.25
2455,3101.25
2456,3101.25
2457,3101.25
2458,3101.25
2459,3099.75
2460,3099.75
2461,3099.75
2462,3099.75
2463,3099.75
2464,3099.75
2465,3099.75
2466,3099.75
2467,3098.25
2468,3099.75
2469,3098.25
2470,3098.25
2471,3098.25
2472,3098.25
2473,3098.25
2474,3098.25
2475,3098.25
2476,3098.25
2477,3098.25
2478,3098.25
2479,3096.75
2480,3096.75
2481,3096.75
2482,3096.75
2483,3096.75
2484,3096.75
2485,3096.75
2486,3096.75
2487,3096.75
2488,3096.75
2489,3095.25
2490,3095.25
2491,3095.25
2492,3095.25
2493,3095.25
2494,3095.25
2495,3095.25
2496,3095.25
2497,3095.25
2498,3095.25
2499,3093.75
2500,3093.75
2501,3093.75
2502,3093.75
2503,3093.75
2504,3093.75
2505,3093.75
2506,3093.75
2507,3092.25
2508,3093.75
2509,3092.25
2510,3092.25
2511,3092.25
2512,3092.25
2513,3092.25
2514,3092.25
2515,3092.25
2516,3092.25
2517,3092.25
2518,3092.25
2519,3092.25
2520,3092.25
2521,3092.25
2522,3092.25
2523,3090.75
2524,3090.75
2525,3090.75
2526,3090.75
2527,3090.75
2528,3090.75
2529,3090.75
2530,3090.75
2531,3090.75
2532,3089.25
2533,3089.25
2534,3089.25
2535,3089.25
2536,3089.25
2537,3089.25
2538,3089.25
2539,3089.25
2540,3089.25
2541,3087.75
2542,3089.25
2543,3087.75
2544,3089.25
2545,3087.75
2546,3087.75
2547,3087.75
2548,3087.75
2549,3087.75
2550,3087.75
2551,3086.25
2552,3087.75
2553,3086.25
2554,3086.25
2555,3086.25
2556,3086.25
2557,3086.25
2558,3086.25
2559,3086.25
2560,3086.25
2561,3086.25
2562,3086.25
2563,3084.75
2564,3086.25
2565,3084.75
2566,3084.75
2567,3084.75
2568,3084.75
2569,3084.75
2570,3084.75
2571,3084.75
2572,3084.75
2573,3083.25
2574,3083.25
2575,3083.25
2576,3083.25
2577,3081.75
2578,3081.75
2579,3081.75
2580,3081.75
2581,3080.25
2582,3081.75
2583,3080.25
2584,3081.75
2585,3080.25
2586,3080.25
2587,3080.25
2588,3080.25
2589,3080.25
2590,3080.25
2591,3080.25
2592,3080.25
2593,3080.25
2594,3080.25
2595,3080.25
2596,3078.75
2597,3078.75
2598,3078.75
2599,3077.25
2600,3077.25
2601,3075.75
2602,3075.75
2603,3074.25
2604,3074.25
2605,3074.25
2606,3072.75
2607,3072.75
2608,3071.25
2609,3069.75
2610,3069.75
2611,3068.25
2612,3068.25
2613,3066.75
2614,3066.75
2615,3065.25
2616,3065.25
2617,3063.75
2618,3063.75
2619,3062.25
2620,3062.25
2621,3060.75
2622,3060.75
2623,3059.25
2624,3059.25
2625,3057.75
2626,3056.25
2627,3056.25
2628,3056.25
2629,3054.75
2630,3054.75
2631,3053.25
2632,3053.25
2633,3053.25
2634,3051.75
2635,3050.25
2636,3051.75
2637,3050.25
2638,3048.75
2639,3048.75
2640,3047.25
2641,3047.25
2642,3042.75
2643,3041.25
2644,3041.25
2645,3039.75
2646,3039.75
2647,3038.25
2648,3038.25
2649,3036.75
2650,3036.75
2651,3035.25
2652,3035.25
2653,3035.25
2654,3035.25
2655,3035.25
2656,3035.25
2657,3033.75
2658,3033.75
2659,3033.75
2660,3033.75
2661,3033.75
2662,3033.75
2663,3032.25
2664,3032.25
2665,3032.25
2666,3032.25
2667,3032.25
2668,3032.25
2669,3030.75
2670,3032.25
2671,3030.75
2672,3032.25
2673,3032.25
2674,3032.25
2675,3032.25
2676,3033.75
2677,3032.25
2678,3033.75
2679,3033.75
2680,3035.25
2681,3035.25
2682,3036.75
2683,3035.25
2684,3036.75
2685,3036.75
2686,3036.75
2687,3036.75
2688,3036.75
2689,3036.75
2690,3036.75
2691,3035.25
2692,3035.25
2693,3035.25
2694,3035.25
2695,3035.25
2696,3035.25
2697,3033.75
2698,3035.25
2699,3033.75
2700,3035.25
2701,3035.25
2702,3035.25
2703,3035.25
2704,3035.25
2705,3035.25
2706,3036.75
2707,3036.75
2708,3036.75
2709,3036.75
2710,3038.25
2711,3038.25
2712,3039.75
2713,3038.25
2714,3039.75
2715,3039.75
2716,3041.25
2717,3039.75
2718,3041.25
2719,3039.75
2720,3041.25
2721,3041.25
2722,3042.75
2723,3042.75
2724,3044.25
2725,3042.75
2726,3044.25
2727,3044.25
2728,3045.75
2729,3045.75
2730,3047.25
2731,3047.25
2732,3048.75
2733,3048.75
2734,3050.25
2735,3050.25
2736,3051.75
2737,3051.75
2738,3053.25
2739,3051.75
2740,3054.75
2741,3053.25
2742,3054.75
2743,3054.75
2744,3054.75
2745,3054.75
2746,3054.75
2747,3054.75
2748,3054.75
2749,3054.75
2750,3054.75
2751,3054.75
2752,3056.25
2753,3054.75
2754,3056.25
2755,3054.75
2756,3056.25
2757,3054.75
2758,3056.25
2759,3056.25
2760,3056.25
2761,3054.75
2762,3056.25
2763,3054.75
2764,3054.75
2765,3054.75
2766,3054.75
2767,3054.75
2768,3056.25
2769,3054.75
2770,3054.75
2771,3054.75
2772,3054.75
2773,3054.75
2774,3054.75
2775,3054.75
2776,3054.75
2777,3054.75
2778,3054.75
2779,3054.75
2780,3054.75
2781,3054.75
2782,3054.75
2783,3054.75
2784,3054.75
2785,3054.75
2786,3054.75
2787,3053.25
2788,3054.75
2789,3053.25
2790,3053.25
2791,3053.25
2792,3053.25
2793,3053.25
2794,3053.25
2795,3051.75
2796,3053.25
2797,3051.75
2798,3053.25
2799,3051.75
2800,3051.75
2801,3050.25
2802,3051.75
2803,3051.75
2804,3051.75
2805,3050.25
2806,3051.75
2807,3050.25
2808,3051.75
2809,3050.25
2810,3051.75
2811,3050.25
2812,3051.75
2813,3050.25
2814,3051.75
2815,3050.25
2816,3051.75
2817,3051.75
2818,3051.75
2819,3051.75
2820,3051.75
2821,3051.75
2822,3053.25
2823,3053.25
2824,3053.25
2825,3053.25
2826,3054.75
2827,3053.25
2828,3054.75
2829,3054.75
2830,3054.75
2831,3054.75
2832,3054.75
2833,3054.75
2834,3054.75
2835,3054.75
2836,3056.25
2837,3054.75
2838,3056.25
2839,3054.75
2840,3056.25
2841,3054.75
2842,3056.25
2843,3056.25
2844,3056.25
2845,3056.25
2846,3056.25
2847,3056.25
2848,3056.25
2849,3056.25
2850,3056.25
2851,3056.25
2852,3056.25
2853,3056.25
2854,3056.25
2855,3056.25
2856,3056.25
2857,3056.25
2858,3056.25
2859,3054.75
2860,3056.25
2861,3056.25
2862,3056.25
2863,3054.75
2864,3054.75
2865,3054.75
2866,3054.75
2867,3054.75
2868,3054.75
2869,3054.75
2870,3054.75
2871,3053.25
2872,3054.75
2873,3053.25
2874,3053.25
2875,3053.25
2876,3051.75
2877,3051.75
2878,3051.75
2879,3051.75
2880,3051.75
2881,3051.75
2882,3050.25
2883,3050.25
2884,3051.75
2885,3051.75
2886,3051.75
2887,3050.25
2888,3051.75
2889,3051.75
2890,3050.25
2891,3050.25
2892,3050.25
2893,3048.75
2894,3050.25
2895,3050.25
2896,3050.25
2897,3048.75
2898,3050.25
2899,3048.75
2900,3050.25
2901,3048.75
2902,3051.75
2903,3045.75
2904,3048.75
2905,3045.75
2906,3048.75
2907,3045.75
2908,3048.75
2909,3047.25
2910,3050.25
2911,3048.75
2912,3051.75
2913,3048.75
2914,3053.25
2915,3050.25
2916,3054.75
2917,3051.75
2918,3047.25
2919,3048.75
2920,3039.75
2921,3039.75
2922,3030.75
2923,3032.25
2924,3023.25
2925,3023.25
2926,3014.25
2927,3015.75
2928,3006.75
2929,3008.25
2930,2999.25
2931,3000.75
2932,2991.75
2933,2993.25
2934,2985.75
2935,2987.25
2936,2979.75
2937,2981.25
2938,2975.25
2939,2976.75
2940,2969.25
2941,2972.25
2942,2966.25
2943,2967.75
2944,2961.75
2945,2967.75
2946,2960.25
2947,2963.25
2948,2957.25
2949,2958.75
2950,2952.75
2951,2954.25
2952,2948.25
2953,2949.75
2954,2943.75
2955,2945.25
2956,2939.25
2957,2940.75
2958,2934.75
2959,2936.25
2960,2930.25
2961,2933.25
2962,2927.25
2963,2928.75
2964,2922.75
2965,2925.75
2966,2919.75
2967,2921.25
2968,2916.75
2969,2918.25
2970,2912.25
2971,2913.75
2972,2909.25
2973,2910.75
2974,2906.25
2975,2907.75
2976,2903.25
2977,2904.75
2978,2900.25
2979,2901.75
2980,2897.25
2981,2898.75
2982,2894.25
2983,2895.75
2984,2891.25
2985,2892.75
2986,2889.75
2987,2889.75
2988,2886.75
2989,2888.25
2990,2883.75
2991,2885.25
2992,2880.75
2993,2882.25
2994,2877.75
2995,2877.75
2996,2874.75
2997,2874.75
2998,2870.25
2999,2871.75
3000,2867.25
3001,2868.75
3002,2864.25
3003,2865.75
3004,2861.25
3005,2861.25
3006,2858.25
3007,2858.25
3008,2855.25
3009,2855.25
3010,2852.25
3011,2852.25
3012,2849.25
3013,2849.25
3014,2847.75
3015,2846.25
3016,2844.75
3017,2844.75
3018,2841.75
3019,2843.25
3020,2840.25
3021,2840.25
3022,2838.75
3023,2838.75
3024,2837.25
3025,2837.25
3026,2835.75
3027,2835.75
3028,2834.25
3029,2834.25
3030,2832.75
3031,2832.75
3032,2831.25
3033,2831.25
3034,2829.75
3035,2829.75
3036,2829.75
3037,2829.75
3038,2826.75
3039,2826.75
3040,2826.75
3041,2825.25
3042,2825.25
3043,2823.75
3044,2823.75
3045,2822.25
3046,2820.75
3047,2820.75
3048,2819.25
3049,2819.25
3050,2817.75
3051,2817.75
3052,2816.25
3053,2814.75
3054,2813.25
3055,2811.75
3056,2810.25
3057,2808.75
3058,2807.25
3059,2805.75
3060,2804.25
3061,2798.25
3062,2795.25
3063,2799.75
3064,2795.25
3065,2793.75
3066,2790.75
3067,2790.75
3068,2786.25
3069,2786.25
3070,2781.75
3071,2781.75
3072,2778.75
3073,2778.75
3074,2777.25
3075,2775.75
3076,2774.25
3077,2774.25
3078,2772.75
3079,2774.25
3080,2772.75
3081,2772.75
3082,2771.25
3083,2771.25
3084,2771.25
3085,2771.25
3086,2771.25
3087,2771.25
3088,2772.75
3089,2772.75
3090,2772.75
3091,2774.25
3092,2775.75
3093,2775.75
3094,2775.75
3095,2778.75
3096,2778.75
3097,2780.25
3098,2781.75
3099,2783.25
3100,2784.75
3101,2781.75
3102,2787.75
3103,2789.25
3104,2790.75
3105,2792.25
3106,2793.75
3107,2795.25
3108,2795.25
3109,2796.75
3110,2798.25
3111,2799.75
3112,2801.25
3113,2804.25
3114,2805.75
3115,2807.25
3116,2808.75
3117,2810.25
3118,2811.75
3119,2813.25
3120,2816.25
3121,2816.25
3122,2819.25
3123,2820.75
3124,2823.75
3125,2825.25
3126,2828.25
3127,2829.75
3128,2834.25
3129,2835.75
3130,2840.25
3131,2841.75
3132,2847.75
3133,2849.25
3134,2856.75
3135,2856.75
3136,2864.25
3137,2865.75
3138,2871.75
3139,2873.25
3140,2880.75
3141,2882.25
3142,2889.75
3143,2888.25
3144,2895.75
3145,2903.25
3146,2912.25
3147,2910.75
3148,2922.75
3149,2921.25
3150,2930.25
3151,2910.75
3152,2936.25
3153,2919.75
3154,2955.75
3155,2955.75
3156,2951.25
3157,2937.75
3158,2948.25
3159,2955.75
3160,2955.75
3161,2957.25
3162,2957.25
3163,2957.25
3164,2957.25
3165,2955.75
3166,2957.25
3167,2957.25
3168,2957.25
3169,2957.25
3170,2957.25
3171,2957.25
3172,2957.25
3173,2957.25
3174,2957.25
3175,2955.75
3176,2957.25
3177,2957.25
3178,2951.25
3179,2955.75
3180,2955.75
3181,2954.25
3182,2954.25
3183,2954.25
3184,2954.25
3185,2952.75
3186,2952.75
3187,2952.75
3188,2952.75
3189,2952.75
3190,2952.75
3191,2952.75
3192,2952.75
3193,2952.75
3194,2952.75
3195,2952.75
3196,2954.25
3197,2952.75
3198,2954.25
3199,2954.25
3200,2954.25
3201,2954.25
3202,2954.25
3203,2954.25
3204,2954.25
3205,2954.25
3206,2954.25
3207,2954.25
3208,2954.25
3209,2954.25
3210,2954.25
3211,2949.75
3212,2954.25
3213,2954.25
3214,2954.25
3215,2954.25
3216,2954.25
3217,2954.25
3218,2954.25
3219,2954.25
3220,2955.75
3221,2955.75
3222,2955.75
3223,2955.75
3224,2955.75
3225,2955.75
3226,2955.75
3227,2955.75
3228,2957.25
3229,2957.25
3230,2957.25
3231,2957.25
3232,2957.25
3233,2957.25
3234,2957.25
3235,2957.25
3236,2957.25
3237,2957.25
3238,2957.25
3239,2957.25
3240,2957.25
3241,2957.25
3242,2958.75
3243,2958.75
3244,2958.75
3245,2958.75
3246,2958.75
3247,2958.75
3248,2958.75
3249,2958.75
3250,2958.75
3251,2958.75
3252,2958.75
3253,2958.75
3254,2954.25
3255,2958.75
3256,2958.75
3257,2958.75
3258,2958.75
3259,2958.75
3260,2958.75
3261,2958.75
3262,2958.75
3263,2958.75
3264,2958.75
3265,2960.25
3266,2958.75
3267,2958.75
3268,2960.25
3269,2958.75
3270,2960.25
3271,2958.75
3272,2960.25
3273,2958.75
3274,2960.25
3275,2960.25
3276,2960.25
3277,2960.25
3278,2960.25
3279,2960.25
3280,2960.25
3281,2960.25
3282,2960.25
3283,2960.25
3284,2960.25
3285,2960.25
3286,2960.25
3287,2960.25
3288,2960.25
3289,2960.25
3290,2960.25
3291,2960.25
3292,2960.25
3293,2960.25
3294,2960.25
3295,2960.25
3296,2960.25
3297,2960.25
3298,2960.25
3299,2960.25
3300,2960.25
3301,2960.25
3302,2960.25
3303,2960.25
3304,2961.75
3305,2960.25
3306,2961.75
3307,2960.25
3308,2961.75
3309,2961.75
3310,2961.75
3311,2961.75
3312,2961.75
3313,2961.75
3314,2961.75
3315,2961.75
3316,2961.75
3317,2961.75
3318,2961.75
3319,2961.75
3320,2961.75
3321,2961.75
3322,2961.75
3323,2961.75
3324,2963.25
3325,2963.25
3326,2963.25
3327,2963.25
3328,2963.25
3329,2963.25
3330,2963.25
3331,2963.25
3332,2963.25
3333,2961.75
3334,2963.25
3335,2963.25
3336,2963.25
3337,2963.25
3338,2963.25
3339,2963.25
3340,2963.25
3341,2963.25
3342,2964.75
3343,2964.75
3344,2964.75
3345,2964.75
3346,2966.25
3347,2964.75
3348,2966.25
3349,2966.25
3350,2966.25
3351,2966.25
3352,2967.75
3353,2966.25
3354,2967.75
3355,2967.75
3356,2967.75
3357,2967.75
3358,2969.25
3359,2969.25
3360,2969.25
3361,2969.25
3362,2969.25
3363,2969.25
3364,2969.25
3365,2969.25
3366,2967.75
3367,2967.75
3368,2967.75
3369,2967.75
3370,2967.75
3371,2967.75
3372,2967.75
3373,2967.75
3374,2967.75
3375,2966.25
3376,2966.25
3377,2966.25
3378,2966.25
3379,2966.25
3380,2966.25
3381,2966.25
3382,2966.25
3383,2966.25
3384,2967.75
3385,2966.25
3386,2966.25
3387,2967.75
3388,2967.75
3389,2967.75
3390,2967.75
3391,2967.75
3392,2967.75
3393,2967.75
3394,2969.25
3395,2969.25
3396,2969.25
3397,2967.75
3398,2969.25
3399,2969.25
3400,2969.25
3401,2969.25
3402,2969.25
3403,2969.25
3404,2969.25
3405,2964.75
3406,2964.75
3407,2969.25
3408,2969.25
3409,2969.25
3410,2964.75
3411,2969.25
3412,2964.75
3413,2969.25
3414,2969.25
3415,2969.25
3416,2969.25
3417,2967.75
3418,2963.25
3419,2963.25
3420,2967.75
3421,2967.75
3422,2967.75
3423,2967.75
3424,2967.75
3425,2966.25
3426,2966.25
3427,2966.25
3428,2966.25
3429,2966.25
3430,2966.25
3431,2966.25
3432,2966.25
3433,2966.25
3434,2966.25
3435,2966.25
3436,2966.25
3437,2966.25
3438,2966.25
3439,2966.25
3440,2966.25
3441,2966.25
3442,2966.25
3443,2966.25
3444,2966.25
3445,2966.25
3446,2967.75
3447,2967.75
3448,2967.75
3449,2967.75
3450,2963.25
3451,2967.75
3452,2967.75
3453,2967.75
3454,2969.25
3455,2967.75
3456,2969.25
3457,2969.25
3458,2969.25
3459,2969.25
3460,2969.25
3461,2969.25
3462,2969.25
3463,2969.25
3464,2969.25
3465,2969.25
3466,2969.25
3467,2967.75
3468,2969.25
3469,2967.75
3470,2969.25
3471,2969.25
3472,2967.75
3473,2967.75
3474,2969.25
3475,2969.25
3476,2969.25
3477,2969.25
3478,2969.25
3479,2969.25
3480,2969.25
3481,2969.25
3482,2969.25
3483,2969.25
3484,2969.25
3485,2969.25
3486,2969.25
3487,2969.25
3488,2969.25
3489,2969.25
3490,2969.25
3491,2969.25
3492,2969.25
3493,2969.25
3494,2969.25
3495,2969.25
3496,2969.25
3497,2969.25
3498,2969.25
3499,2969.25
3500,2969.25
3501,2969.25
3502,2970.75
3503,2969.25
3504,2969.25
3505,2969.25
3506,2969.25
3507,2969.25
3508,2969.25
3509,2969.25
3510,2969.25
3511,2969.25
3512,2969.25
3513,2969.25
3514,2969.25
3515,2969.25
3516,2969.25
3517,2969.25
3518,2969.25
3519,2969.25
3520,2969.25
3521,2969.25
3522,2969.25
3523,2969.25
3524,2967.75
3525,2969.25
3526,2969.25
3527,2967.75
3528,2967.75
3529,2969.25
3530,2969.25
3531,2967.75
3532,2969.25
3533,2967.75
3534,2967.75
3535,2969.25
3536,2967.75
3537,2967.75
3538,2969.25
3539,2969.25
3540,2969.25
3541,2967.75
3542,2969.25
3543,2969.25
3544,2969.25
3545,2969.25
3546,2969.25
3547,2967.75
3548,2969.25
3549,2967.75
3550,2967.75
3551,2967.75
3552,2967.75
3553,2967.75
3554,2967.75
3555,2967.75
3556,2967.75
3557,2967.75
3558,2967.75
3559,2967.75
3560,2967.75
3561,2967.75
3562,2967.75
3563,2967.75
3564,2967.75
3565,2967.75
3566,2969.25
3567,2967.75
3568,2969.25
3569,2969.25
3570,2969.25
3571,2969.25
3572,2969.25
3573,2969.25
3574,2969.25
3575,2967.75
3576,2967.75
3577,2967.75
3578,2969.25
3579,2969.25
3580,2969.25
3581,2969.25
3582,2969.25
3583,2969.25
3584,2969.25
3585,2970.75
3586,2970.75
3587,2970.75
3588,2970.75
3589,2970.75
3590,2972.25
3591,2970.75
3592,2972.25
3593,2972.25
3594,2972.25
3595,2972.25
3596,2973.75
3597,2973.75
3598,2973.75
3599,2973.75
3600,2975.25
3601,2973.75
3602,2975.25
3603,2975.25
3604,2976.75
3605,2975.25
3606,2976.75
3607,2976.75
3608,2976.75
3609,2976.75
3610,2978.25
3611,2978.25
3612,2978.25
3613,2978.25
3614,2978.25
3615,2979.75
3616,2979.75
3617,2979.75
3618,2979.75
3619,2979.75
3620,2979.75
3621,2979.75
3622,2981.25
3623,2979.75
3624,2981.25
3625,2981.25
3626,2981.25
3627,2981.25
3628,2981.25
3629,2981.25
3630,2981.25
3631,2981.25
3632,2981.25
3633,2981.25
3634,2982.75
3635,2981.25
3636,2982.75
3637,2981.25
3638,2981.25
3639,2981.25
3640,2982.75
3641,2981.25
3642,2981.25
3643,2981.25
3644,2981.25
3645,2981.25
3646,2981.25
3647,2981.25
3648,2981.25
3649,2979.75
3650,2981.25
3651,2979.75
3652,2979.75
3653,2979.75
3654,2979.75
3655,2979.75
3656,2978.25
3657,2963.25
3658,2952.75
3659,2952.75
3660,2976.75
3661,2942.25
3662,2931.75
3663,2933.25
3664,2922.75
3665,2924.25
3666,2913.75
3667,2915.25
3668,2906.25
3669,2907.75
3670,2900.25
3671,2901.75
3672,2892.75
3673,2894.25
3674,2879.25
3675,2879.25
3676,2870.25
3677,2868.75
3678,2859.75
3679,2859.75
3680,2850.75
3681,2850.75
3682,2843.25
3683,2843.25
3684,2834.25
3685,2834.25
3686,2826.75
3687,2826.75
3688,2819.25
3689,2820.75
3690,2814.75
3691,2814.75
3692,2808.75
3693,2808.75
3694,2802.75
3695,2804.25
3696,2798.25
3697,2799.75
3698,2795.25
3699,2796.75
3700,2790.75
3701,2792.25
3702,2787.75
3703,2789.25
3704,2783.25
3705,2784.75
3706,2780.25
3707,2781.75
3708,2775.75
3709,2778.75
3710,2774.25
3711,2775.75
3712,2771.25
3713,2772.75
3714,2766.75
3715,2772.75
3716,2766.75
3717,2766.75
3718,2760.75
3719,2754.75
3720,2756.25
3721,2757.75
3722,2751.75
3723,2753.25
3724,2748.75
3725,2745.75
3726,2739.75
3727,2741.25
3728,2736.75
3729,2742.75
3730,2738.25
3731,2739.75
3732,2733.75
3733,2735.25
3734,2729.25
3735,2729.25
3736,2724.75
3737,2724.75
3738,2718.75
3739,2718.75
3740,2714.25
3741,2714.25
3742,2709.75
3743,2709.75
3744,2705.25
3745,2705.25
3746,2700.75
3747,2700.75
3748,2697.75
3749,2697.75
3750,2694.75
3751,2694.75
3752,2691.75
3753,2691.75
3754,2690.25
3755,2688.75
3756,2687.25
3757,2687.25
3758,2687.25
3759,2685.75
3760,2684.25
3761,2684.25
3762,2684.25
3763,2684.25
3764,2684.25
3765,2684.25
3766,2684.25
3767,2684.25
3768,2685.75
3769,2685.75
3770,2687.25
3771,2688.75
3772,2690.25
3773,2690.25
3774,2693.25
3775,2696.25
3776,2699.25
3777,2697.75
3778,2700.75
3779,2697.75
3780,2702.25
3781,2699.25
3782,2703.75
3783,2702.25
3784,2706.75
3785,2705.25
3786,2709.75
3787,2708.25
3788,2714.25
3789,2712.75
3790,2718.75
3791,2718.75
3792,2723.25
3793,2723.25
3794,2729.25
3795,2727.75
3796,2735.25
3797,2733.75
3798,2741.25
3799,2739.75
3800,2747.25
3801,2747.25
3802,2754.75
3803,2754.75
3804,2762.25
3805,2762.25
3806,2771.25
3807,2771.25
3808,2778.75
3809,2778.75
3810,2787.75
3811,2787.75
3812,2798.25
3813,2798.25
3814,2807.25
3815,2807.25
3816,2813.25
3817,2813.25
3818,2819.25
3819,2819.25
3820,2825.25
3821,2825.25
3822,2831.25
3823,2831.25
3824,2843.25
3825,2838.75
3826,2849.25
3827,2847.75
3828,2856.75
3829,2856.75
3830,2864.25
3831,2864.25
3832,2873.25
3833,2874.75
3834,2882.25
3835,2880.75
3836,2880.75
3837,2879.25
3838,2879.25
3839,2877.75
3840,2876.25
3841,2876.25
3842,2876.25
3843,2874.75
3844,2874.75
3845,2874.75
3846,2874.75
3847,2873.25
3848,2874.75
3849,2873.25
3850,2874.75
3851,2873.25
3852,2874.75
3853,2874.75
3854,2876.25
3855,2870.25
3856,2876.25
3857,2876.25
3858,2876.25
3859,2876.25
3860,2877.75
3861,2876.25
3862,2877.75
3863,2877.75
3864,2873.25
3865,2877.75
3866,2879.25
3867,2877.75
3868,2879.25
3869,2879.25
3870,2879.25
3871,2879.25
3872,2880.75
3873,2879.25
3874,2880.75
3875,2880.75
3876,2880.75
3877,2880.75
3878,2880.75
3879,2880.75
3880,2880.75
3881,2880.75
3882,2880.75
3883,2880.75
3884,2880.75
3885,2880.75
3886,2876.25
3887,2880.75
3888,2880.75
3889,2880.75
3890,2880.75
3891,2879.25
3892,2880.75
3893,2879.25
3894,2880.75
3895,2879.25
3896,2880.75
3897,2879.25
3898,2879.25
3899,2879.25
3900,2879.25
3901,2879.25
3902,2879.25
3903,2877.75
3904,2877.75
3905,2876.25
3906,2876.25
3907,2874.75
3908,2876.25
3909,2874.75
3910,2874.75
3911,2873.25
3912,2874.75
3913,2873.25
3914,2873.25
3915,2873.25
3916,2873.25
3917,2871.75
3918,2871.75
3919,2871.75
3920,2871.75
3921,2870.25
3922,2870.25
3923,2870.25
3924,2870.25
3925,2868.75
3926,2868.75
3927,2868.75
3928,2868.75
3929,2867.25
3930,2867.25
3931,2867.25
3932,2867.25
3933,2867.25
3934,2867.25
3935,2865.75
3936,2865.75
3937,2861.25
3938,2865.75
3939,2865.75
3940,2865.75
3941,2864.25
3942,2865.75
3943,2864.25
3944,2864.25
3945,2862.75
3946,2864.25
3947,2862.75
3948,2862.75
3949,2862.75
3950,2862.75
3951,2856.75
3952,2861.25
3953,2861.25
3954,2861.25
3955,2859.75
3956,2861.25
3957,2859.75
3958,2859.75
3959,2858.25
3960,2858.25
3961,2856.75
3962,2856.75
3963,2855.25
3964,2855.25
3965,2855.25
3966,2855.25
3967,2853.75
3968,2853.75
3969,2853.75
3970,2853.75
3971,2852.25
3972,2852.25
3973,2850.75
3974,2850.75
3975,2850.75
3976,2850.75
3977,2844.75
3978,2849.25
3979,2849.25
3980,2849.25
3981,2847.75
3982,2847.75
3983,2846.25
3984,2846.25
3985,2844.75
3986,2844.75
3987,2844.75
3988,2844.75
3989,2843.25
3990,2844.75
3991,2843.25
3992,2838.75
3993,2843.25
3994,2843.25
3995,2841.75
3996,2841.75
3997,2841.75
3998,2840.25
3999,2840.25
4000,2840.25
4001,2838.75
4002,2838.75
4003,2838.75
4004,2838.75
4005,2837.25
4006,2837.25
4007,2835.75
4008,2835.75
4009,2829.75
4010,2834.25
4011,2832.75
4012,2834.25
4013,2832.75
4014,2832.75
4015,2832.75
4016,2831.25
4017,2831.25
4018,2826.75
4019,2831.25
4020,2831.25
4021,2829.75
4022,2829.75
4023,2829.75
4024,2829.75
4025,2829.75
4026,2829.75
4027,2828.25
4028,2829.75
4029,2823.75
4030,2828.25
4031,2828.25
4032,2828.25
4033,2826.75
4034,2822.25
4035,2826.75
4036,2826.75
4037,2825.25
4038,2825.25
4039,2825.25
4040,2825.25
4041,2819.25
4042,2823.75
4043,2823.75
4044,2823.75
4045,2822.25
4046,2822.25
4047,2822.25
4048,2822.25
4049,2822.25
4050,2822.25
4051,2822.25
4052,2820.75
4053,2820.75
4054,2820.75
4055,2820.75
4056,2819.25
4057,2819.25
4058,2819.25
4059,2817.75
4060,2817.75
4061,2817.75
4062,2817.75
4063,2817.75
4064,2817.75
4065,2816.25
4066,2816.25
4067,2816.25
4068,2816.25
4069,2814.75
4070,2814.75
4071,2813.25
4072,2813.25
4073,2813.25
4074,2811.75
4075,2811.75
4076,2811.75
4077,2810.25
4078,2810.25
4079,2810.25
4080,2810.25
4081,2810.25
4082,2810.25
4083,2808.75
4084,2808.75
4085,2808.75
4086,2808.75
4087,2808.75
4088,2810.25
4089,2808.75
4090,2808.75
4091,2808.75
4092,2804.25
4093,2804.25
4094,2802.75
4095,2802.75
4096,2801.25
4097,2801.25
4098,2799.75
4099,2799.75
4100,2798.25
4101,2796.75
4102,2796.75
4103,2795.25
4104,2795.25
4105,2795.25
4106,2793.75
4107,2792.25
4108,2792.25
4109,2790.75
4110,2790.75
4111,2784.75
4112,2789.25
4113,2787.75
4114,2787.75
4115,2786.25
4116,2784.75
4117,2783.25
4118,2783.25
4119,2781.75
4120,2780.25
4121,2780.25
4122,2778.75
4123,2778.75
4124,2777.25
4125,2777.25
4126,2775.75
4127,2775.75
4128,2774.25
4129,2774.25
4130,2774.25
4131,2772.75
4132,2772.75
4133,2772.75
4134,2772.75
4135,2771.25
4136,2769.75
4137,2769.75
4138,2769.75
4139,2768.25
4140,2768.25
4141,2766.75
4142,2766.75
4143,2765.25
4144,2765.25
4145,2763.75
4146,2763.75
4147,2763.75
4148,2763.75
4149,2762.25
4150,2759.25
4151,2757.75
4152,2756.25
4153,2756.25
4154,2753.25
4155,2751.75
4156,2750.25
4157,2750.25
4158,2748.75
4159,2748.75
4160,2748.75
4161,2748.75
4162,2748.75
4163,2748.75
4164,2748.75
4165,2750.25
4166,2748.75
4167,2744.25
4168,2742.75
4169,2745.75
4170,2744.25
4171,2744.25
4172,2741.25
4173,2741.25
4174,2739.75
4175,2739.75
4176,2736.75
4177,2736.75
4178,2736.75
4179,2735.25
4180,2735.25
4181,2735.25
4182,2733.75
4183,2735.25
4184,2733.75
4185,2733.75
4186,2733.75
4187,2736.75
4188,2736.75
4189,2735.25
4190,2733.75
4191,2733.75
4192,2733.75
4193,2732.25
4194,2730.75
4195,2729.25
4196,2729.25
4197,2727.75
4198,2727.75
4199,2726.25
4200,2726.25
4201,2724.75
4202,2724.75
4203,2724.75
4204,2724.75
4205,2723.25
4206,2723.25
4207,2723.25
4208,2723.25
4209,2717.25
4210,2721.75
4211,2721.75
4212,2721.75
4213,2720.25
4214,2720.25
4215,2720.25
4216,2718.75
4217,2718.75
4218,2717.25
4219,2717.25
4220,2717.25
4221,2715.75
4222,2715.75
4223,2715.75
4224,2715.75
4225,2714.25
4226,2714.25
4227,2714.25
4228,2712.75
4229,2712.75
4230,2712.75
4231,2712.75
4232,2712.75
4233,2711.25
4234,2711.25
4235,2709.75
4236,2709.75
4237,2709.75
4238,2708.25
4239,2708.25
4240,2708.25
4241,2706.75
4242,2706.75
4243,2705.25
4244,2705.25
4245,2703.75
4246,2699.25
4247,2703.75
4248,2702.25
4249,2702.25
4250,2700.75
4251,2700.75
4252,2699.25
4253,2699.25
4254,2697.75
4255,2697.75
4256,2697.75
4257,2696.25
4258,2696.25
4259,2694.75
4260,2694.75
4261,2693.25
4262,2693.25
4263,2691.75
4264,2691.75
4265,2690.25
4266,2690.25
4267,2688.75
4268,2688.75
4269,2687.25
4270,2687.25
4271,2681.25
4272,2684.25
4273,2684.25
4274,2682.75
4275,2682.75
4276,2681.25
4277,2681.25
4278,2679.75
4279,2679.75
4280,2678.25
4281,2678.25
4282,2676.75
4283,2676.75
4284,2676.75
4285,2675.25
4286,2675.25
4287,2675.25
4288,2673.75
4289,2673.75
4290,2673.75
4291,2672.25
4292,2672.25
4293,2672.25
4294,2672.25
4295,2672.25
4296,2670.75
4297,2670.75
4298,2672.25
4299,2670.75
4300,2670.75
4301,2670.75
4302,2670.75
4303,2670.75
4304,2670.75
4305,2670.75
4306,2669.25
4307,2669.25
4308,2669.25
4309,2669.25
4310,2669.25
4311,2669.25
4312,2669.25
4313,2669.25
4314,2669.25
4315,2669.25
4316,2669.25
4317,2669.25
4318,2669.25
4319,2669.25
4320,2669.25
4321,2669.25
4322,2669.25
4323,2669.25
4324,2669.25
4325,2667.75
4326,2669.25
4327,2667.75
4328,2667.75
4329,2667.75
4330,2667.75
4331,2667.75
4332,2667.75
4333,2667.75
4334,2667.75
4335,2667.75
4336,2667.75
4337,2667.75
4338,2667.75
4339,2667.75
4340,2667.75
4341,2667.75
4342,2663.25
4343,2667.75
4344,2667.75
4345,2667.75
4346,2667.75
4347,2667.75
4348,2667.75
4349,2667.75
4350,2667.75
4351,2667.75
4352,2667.75
4353,2666.25
4354,2666.25
4355,2666.25
4356,2666.25
4357,2666.25
4358,2666.25
4359,2666.25
4360,2666.25
4361,2666.25
4362,2666.25
4363,2666.25
4364,2666.25
4365,2664.75
4366,2664.75
4367,2664.75
4368,2664.75
4369,2663.25
4370,2663.25
4371,2663.25
4372,2663.25
4373,2663.25
4374,2663.25
4375,2663.25
4376,2663.25
4377,2663.25
4378,2663.25
4379,2663.25
4380,2663.25
4381,2661.75
4382,2661.75
4383,2661.75
4384,2661.75
4385,2661.75
4386,2661.75
4387,2661.75
4388,2661.75
4389,2661.75
4390,2661.75
4391,2661.75
4392,2661.75
4393,2660.25
4394,2660.25
4395,2660.25
4396,2660.25
4397,2660.25
4398,2660.25
4399,2660.25
4400,2660.25
4401,2660.25
4402,2660.25
4403,2658.75
4404,2658.75
4405,2658.75
4406,2660.25
4407,2658.75
4408,2660.25
4409,2660.25
4410,2660.25
4411,2660.25
4412,2660.25
4413,2660.25
4414,2660.25
4415,2660.25
4416,2660.25
4417,2654.25
4418,2660.25
4419,2660.25
4420,2660.25
4421,2660.25
4422,2660.25
4423,2660.25
4424,2660.25
4425,2658.75
4426,2660.25
4427,2660.25
4428,2660.25
4429,2658.75
4430,2660.25
4431,2658.75
4432,2660.25
4433,2658.75
4434,2658.75
4435,2658.75
4436,2658.75
4437,2658.75
4438,2658.75
4439,2658.75
4440,2658.75
4441,2658.75
4442,2654.25
4443,2658.75
4444,2658.75
4445,2658.75
4446,2660.25
4447,2658.75
4448,2660.25
4449,2658.75
4450,2660.25
4451,2660.25
4452,2660.25
4453,2660.25
4454,2660.25
4455,2660.25
4456,2660.25
4457,2660.25
4458,2660.25
4459,2660.25
4460,2660.25
4461,2660.25
4462,2660.25
4463,2660.25
4464,2660.25
4465,2660.25
4466,2660.25
4467,2660.25
4468,2660.25
4469,2658.75
4470,2660.25
4471,2658.75
4472,2658.75
4473,2658.75
4474,2658.75
4475,2658.75
4476,2658.75
4477,2657.25
4478,2658.75
4479,2657.25
4480,2658.75
4481,2657.25
4482,2657.25
4483,2657.25
4484,2658.75
4485,2657.25
4486,2657.25
4487,2657.25
4488,2657.25
4489,2657.25
4490,2657.25
4491,2657.25
4492,2657.25
4493,2657.25
4494,2657.25
4495,2655.75
4496,2657.25
4497,2655.75
4498,2655.75
4499,2655.75
4500,2655.75
4501,2655.75
4502,2655.75
4503,2655.75
4504,2655.75
4505,2654.25
4506,2654.25
4507,2654.25
4508,2654.25
4509,2654.25
4510,2654.25
4511,2654.25
4512,2654.25
4513,2654.25
4514,2654.25
4515,2654.25
4516,2654.25
4517,2654.25
4518,2652.75
4519,2654.25
4520,2652.75
4521,2648.25
4522,2652.75
4523,2652.75
4524,2651.25
4525,2651.25
4526,2646.75
4527,2651.25
4528,2649.75
4529,2645.25
4530,2649.75
4531,2649.75
4532,2649.75
4533,2649.75
4534,2648.25
4535,2648.25
4536,2649.75
4537,2649.75
4538,2649.75
4539,2649.75
4540,2645.25
4541,2649.75
4542,2645.25
4543,2649.75
4544,2649.75
4545,2643.75
4546,2648.25
4547,2646.75
4548,2646.75
4549,2645.25
4550,2643.75
4551,2642.25
4552,2640.75
4553,2639.25
4554,2637.75
4555,2637.75
4556,2636.25
4557,2630.25
4558,2630.25
4559,2628.75
4560,2631.75
4561,2631.75
4562,2630.25
4563,2628.75
4564,2628.75
4565,2627.25
4566,2627.25
4567,2625.75
4568,2621.25
4569,2625.75
4570,2625.75
4571,2624.25
4572,2624.25
4573,2618.25
4574,2624.25
4575,2622.75
4576,2618.25
4577,2616.75
4578,2621.25
4579,2621.25
4580,2621.25
4581,2621.25
4582,2619.75
4583,2619.75
4584,2619.75
4585,2619.75
4586,2619.75
4587,2618.25
4588,2616.75
4589,2618.25
4590,2616.75
4591,2616.75
4592,2618.25
4593,2618.25
4594,2618.25
4595,2618.25
4596,2618.25
4597,2618.25
4598,2619.75
4599,2619.75
4600,2619.75
4601,2619.75
4602,2619.75
4603,2619.75
4604,2619.75
4605,2618.25
4606,2619.75
4607,2618.25
4608,2619.75
4609,2619.75
4610,2619.75
4611,2619.75
4612,2619.75
4613,2619.75
4614,2619.75
4615,2619.75
4616,2619.75
4617,2619.75
4618,2621.25
4619,2621.25
4620,2622.75
4621,2622.75
4622,2618.25
4623,2622.75
4624,2624.25
4625,2624.25
4626,2624.25
4627,2622.75
4628,2627.25
4629,2627.25
4630,2627.25
4631,2627.25
4632,2627.25
4633,2622.75
4634,2627.25
4635,2627.25
4636,2627.25
4637,2628.75
4638,2624.25
4639,2628.75
4640,2630.25
4641,2630.25
4642,2631.75
4643,2631.75
4644,2631.75
4645,2631.75
4646,2633.25
4647,2634.75
4648,2636.25
4649,2636.25
4650,2636.25
4651,2634.75
4652,2636.25
4653,2634.75
4654,2634.75
4655,2634.75
4656,2634.75
4657,2634.75
4658,2636.25
4659,2636.25
4660,2636.25
4661,2636.25
4662,2637.75
4663,2637.75
4664,2637.75
4665,2637.75
4666,2637.75
4667,2637.75
4668,2637.75
4669,2639.25
4670,2639.25
4671,2639.25
4672,2640.75
4673,2640.75
4674,2642.25
4675,2643.75
4676,2645.25
4677,2645.25
4678,2646.75
4679,2646.75
4680,2648.25
4681,2648.25
4682,2648.25
4683,2648.25
4684,2649.75
4685,2649.75
4686,2649.75
4687,2649.75
4688,2649.75
4689,2649.75
4690,2649.75
4691,2649.75
4692,2651.25
4693,2651.25
4694,2652.75
4695,2654.25
4696,2655.75
4697,2655.75
4698,2655.75
4699,2655.75
4700,2655.75
4701,2655.75
4702,2657.25
4703,2657.25
4704,2657.25
4705,2657.25
4706,2657.25
4707,2657.25
4708,2657.25
4709,2657.25
4710,2657.25
4711,2657.25
4712,2657.25
4713,2657.25
4714,2657.25
4715,2657.25
4716,2657.25
4717,2657.25
4718,2657.25
4719,2657.25
4720,2658.75
4721,2658.75
4722,2658.75
4723,2657.25
4724,2658.75
4725,2658.75
4726,2658.75
4727,2658.75
4728,2658.75
4729,2658.75
4730,2658.75
4731,2657.25
4732,2657.25
4733,2657.25
4734,2657.25
4735,2657.25
4736,2657.25
4737,2657.25
4738,2657.25
4739,2655.75
4740,2655.75
4741,2655.75
4742,2651.25
4743,2657.25
4744,2657.25
4745,2655.75
4746,2657.25
4747,2657.25
4748,2657.25
4749,2657.25
4750,2657.25
4751,2657.25
4752,2658.75
4753,2657.25
4754,2657.25
4755,2657.25
4756,2657.25
4757,2657.25
4758,2657.25
4759,2657.25
4760,2657.25
4761,2657.25
4762,2657.25
4763,2657.25
4764,2657.25
4765,2657.25
4766,2657.25
4767,2657.25
4768,2657.25
4769,2657.25
4770,2657.25
4771,2657.25
4772,2657.25
4773,2657.25
4774,2657.25
4775,2657.25
4776,2657.25
4777,2657.25
4778,2657.25
4779,2657.25
4780,2657.25
4781,2657.25
4782,2657.25
4783,2657.25
4784,2657.25
4785,2657.25
4786,2657.25
4787,2657.25
4788,2657.25
4789,2657.25
4790,2657.25
4791,2657.25
4792,2657.25
4793,2657.25
4794,2657.25
4795,2657.25
4796,2657.25
4797,2657.25
4798,2657.25
4799,2657.25
4800,2657.25
4801,2657.25
4802,2657.25
4803,2657.25
4804,2657.25
4805,2657.25
4806,2657.25
4807,2657.25
4808,2657.25
4809,2655.75
4810,2655.75
4811,2655.75
4812,2655.75
4813,2655.75
4814,2655.75
4815,2655.75
4816,2655.75
4817,2655.75
4818,2655.75
4819,2654.25
4820,2654.25
4821,2654.25
4822,2654.25
4823,2652.75
4824,2652.75
4825,2652.75
4826,2652.75
4827,2651.25
4828,2651.25
4829,2651.25
4830,2651.25
4831,2651.25
4832,2651.25
4833,2649.75
4834,2649.75
4835,2649.75
4836,2648.25
4837,2648.25
4838,2648.25
4839,2646.75
4840,2646.75
4841,2646.75
4842,2646.75
4843,2646.75
4844,2645.25
4845,2646.75
4846,2645.25
4847,2645.25
4848,2645.25
4849,2645.25
4850,2643.75
4851,2643.75
4852,2639.25
4853,2643.75
4854,2642.25
4855,2642.25
4856,2640.75
4857,2640.75
4858,2640.75
4859,2639.25
4860,2639.25
4861,2637.75
4862,2639.25
4863,2637.75
4864,2637.75
4865,2637.75
4866,2637.75
4867,2633.25
4868,2637.75
4869,2637.75
4870,2637.75
4871,2636.25
4872,2636.25
4873,2636.25
4874,2636.25
4875,2636.25
4876,2636.25
4877,2636.25
4878,2630.25
4879,2634.75
4880,2633.25
4881,2633.25
4882,2631.75
4883,2631.75
4884,2630.25
4885,2628.75
4886,2628.75
4887,2627.25
4888,2627.25
4889,2625.75
4890,2621.25
4891,2625.75
4892,2624.25
4893,2624.25
4894,2624.25
4895,2624.25
4896,2624.25
4897,2622.75
4898,2622.75
4899,2622.75
4900,2624.25
4901,2624.25
4902,2624.25
4903,2624.25
4904,2624.25
4905,2624.25
4906,2624.25
4907,2624.25
4908,2624.25
4909,2624.25
4910,2624.25
4911,2624.25
4912,2619.75
4913,2624.25
4914,2622.75
4915,2624.25
4916,2622.75
4917,2622.75
4918,2622.75
4919,2621.25
4920,2621.25
4921,2621.25
4922,2621.25
4923,2619.75
4924,2619.75
4925,2613.75
4926,2618.25
4927,2616.75
4928,2616.75
4929,2616.75
4930,2616.75
4931,2616.75
4932,2616.75
4933,2615.25
4934,2615.25
4935,2615.25
4936,2615.25
4937,2615.25
4938,2615.25
4939,2615.25
4940,2615.25
4941,2615.25
4942,2615.25
4943,2615.25
4944,2616.75
4945,2616.75
4946,2616.75
4947,2616.75
4948,2612.25
4949,2612.25
4950,2609.25
4951,2609.25
4952,2607.75
4953,2607.75
4954,2607.75
4955,2606.25
4956,2607.75
4957,2606.25
4958,2606.25
4959,2606.25
4960,2606.25
4961,2606.25
4962,2600.25
4963,2603.25
4964,2603.25
4965,2603.25
4966,2603.25
4967,2603.25
4968,2601.75
4969,2600.25
4970,2598.75
4971,2598.75
4972,2598.75
4973,2595.75
4974,2595.75
4975,2595.75
4976,2594.25
4977,2594.25
4978,2592.75
4979,2592.75
4980,2592.75
4981,2592.75
4982,2591.25
4983,2591.25
4984,2589.75
4985,2589.75
4986,2589.75
4987,2589.75
4988,2588.25
4989,2588.25
4990,2588.25
4991,2586.75
4992,2588.25
4993,2588.25
4994,2589.75
4995,2589.75
4996,2588.25
4997,2588.25
4998,2588.25
4999,2588.25
5000,2586.75
5001,2582.25
5002,2586.75
5003,2585.25
5004,2585.25
5005,2583.75
5006,2579.25
5007,2582.25
5008,2582.25
5009,2580.75
5010,2580.75
5011,2579.25
5012,2579.25
5013,2577.75
5014,2579.25
5015,2579.25
5016,2577.75
5017,2577.75
5018,2577.75
5019,2576.25
5020,2573.25
5021,2574.75
5022,2573.25
5023,2573.25
5024,2571.75
5025,2571.75
5026,2571.75
5027,2571.75
5028,2571.75
5029,2571.75
5030,2570.25
5031,2570.25
5032,2570.25
5033,2568.75
5034,2568.75
5035,2568.75
5036,2567.25
5037,2567.25
5038,2561.25
5039,2565.75
5040,2565.75
5041,2564.25
5042,2564.25
5043,2564.25
5044,2562.75
5045,2564.25
5046,2564.25
5047,2564.25
5048,2564.25
5049,2564.25
5050,2564.25
5051,2562.75
5052,2562.75
5053,2561.25
5054,2561.25
5055,2561.25
5056,2561.25
5057,2561.25
5058,2559.75
5059,2559.75
5060,2559.75
5061,2558.25
5062,2558.25
5063,2558.25
5064,2556.75
5065,2556.75
5066,2555.25
5067,2555.25
5068,2555.25
5069,2555.25
5070,2553.75
5071,2553.75
5072,2553.75
5073,2555.25
5074,2553.75
5075,2549.25
5076,2553.75
5077,2553.75
5078,2553.75
5079,2553.75
5080,2553.75
5081,2553.75
5082,2553.75
5083,2553.75
5084,2553.75
5085,2553.75
5086,2553.75
5087,2552.25
5088,2552.25
5089,2552.25
5090,2550.75
5091,2550.75
5092,2550.75
5093,2550.75
5094,2549.25
5095,2544.75
5096,2549.25
5097,2549.25
5098,2549.25
5099,2547.75
5100,2549.25
5101,2547.75
5102,2549.25
5103,2549.25
5104,2550.75
5105,2544.75
5106,2547.75
5107,2547.75
5108,2546.25
5109,2546.25
5110,2544.75
5111,2544.75
5112,2543.25
5113,2538.75
5114,2541.75
5115,2543.25
5116,2538.75
5117,2538.75
5118,2537.25
5119,2537.25
5120,2535.75
5121,2540.25
5122,2538.75
5123,2537.25
5124,2537.25
5125,2537.25
5126,2535.75
5127,2535.75
5128,2534.25
5129,2535.75
5130,2534.25
5131,2537.25
5132,2534.25
5133,2535.75
5134,2535.75
5135,2535.75
5136,2537.25
5137,2537.25
5138,2537.25
5139,2538.75
5140,2537.25
5141,2534.25
5142,2532.75
5143,2534.25
5144,2532.75
5145,2532.75
5146,2532.75
5147,2534.25
5148,2537.25
5149,2538.75
5150,2537.25
5151,2538.75
5152,2537.25
5153,2538.75
5154,2538.75
5155,2538.75
5156,2538.75
5157,2538.75
5158,2540.25
5159,2540.25
5160,2540.25
5161,2541.75
5162,2541.75
5163,2541.75
5164,2541.75
5165,2537.25
5166,2543.25
5167,2541.75
5168,2541.75
5169,2541.75
5170,2543.25
5171,2541.75
5172,2543.25
5173,2541.75
5174,2537.25
5175,2541.75
5176,2541.75
5177,2540.25
5178,2541.75
5179,2540.25
5180,2540.25
5181,2540.25
5182,2540.25
5183,2540.25
5184,2540.25
5185,2540.25
5186,2540.25
5187,2540.25
5188,2540.25
5189,2540.25
5190,2540.25
5191,2540.25
5192,2540.25
5193,2540.25
5194,2540.25
5195,2540.25
5196,2540.25
5197,2540.25
5198,2540.25
5199,2538.75
5200,2538.75
5201,2538.75
5202,2538.75
5203,2534.25
5204,2540.25
5205,2538.75
5206,2540.25
5207,2540.25
5208,2540.25
5209,2540.25
5210,2541.75
5211,2541.75
5212,2541.75
5213,2543.25
5214,2543.25
5215,2544.75
5216,2546.25
5217,2546.25
5218,2547.75
5219,2549.25
5220,2546.25
5221,2546.25
5222,2552.25
5223,2552.25
5224,2552.25
5225,2552.25
5226,2553.75
5227,2553.75
5228,2555.25
5229,2550.75
5230,2555.25
5231,2555.25
5232,2555.25
5233,2556.75
5234,2556.75
5235,2558.25
5236,2558.25
5237,2558.25
5238,2559.75
5239,2559.75
5240,2561.25
5241,2562.75
5242,2562.75
5243,2559.75
5244,2565.75
5245,2567.25
5246,2568.75
5247,2567.25
5248,2568.75
5249,2571.75
5250,2571.75
5251,2576.25
5252,2577.75
5253,2582.25
5254,2580.75
5255,2585.25
5256,2586.75
5257,2589.75
5258,2591.25
5259,2595.75
5260,2597.25
5261,2601.75
5262,2603.25
5263,2607.75
5264,2610.75
5265,2613.75
5266,2616.75
5267,2621.25
5268,2622.75
5269,2621.25
5270,2627.25
5271,2628.75
5272,2628.75
5273,2631.75
5274,2633.25
5275,2636.25
5276,2637.75
5277,2640.75
5278,2642.25
5279,2646.75
5280,2648.25
5281,2652.75
5282,2652.75
5283,2652.75
5284,2652.75
5285,2654.25
5286,2654.25
5287,2657.25
5288,2658.75
5289,2661.75
5290,2661.75
5291,2666.25
5292,2667.75
5293,2670.75
5294,2672.25
5295,2676.75
5296,2678.25
5297,2684.25
5298,2687.25
5299,2691.75
5300,2694.75
5301,2700.75
5302,2703.75
5303,2709.75
5304,2718.75
5305,2724.75
5306,2726.25
5307,2730.75
5308,2730.75
5309,2730.75
5310,2730.75
5311,2730.75
5312,2724.75
5313,2729.25
5314,2729.25
5315,2729.25
5316,2729.25
5317,2729.25
5318,2729.25
5319,2729.25
5320,2729.25
5321,2732.25
5322,2730.75
5323,2730.75
5324,2729.25
5325,2730.75
5326,2729.25
5327,2727.75
5328,2727.75
5329,2727.75
5330,2727.75
5331,2729.25
5332,2729.25
5333,2724.75
5334,2723.25
5335,2723.25
5336,2721.75
5337,2721.75
5338,2720.25
5339,2718.75
5340,2718.75
5341,2720.25
5342,2718.75
5343,2720.25
5344,2720.25
5345,2720.25
5346,2720.25
5347,2721.75
5348,2721.75
5349,2723.25
5350,2724.75
5351,2724.75
5352,2727.75
5353,2727.75
5354,2729.25
5355,2726.25
5356,2724.75
5357,2724.75
5358,2724.75
5359,2724.75
5360,2724.75
5361,2724.75
5362,2724.75
5363,2724.75
5364,2724.75
5365,2726.25
5366,2724.75
5367,2720.25
5368,2724.75
5369,2724.75
5370,2723.25
5371,2723.25
5372,2721.75
5373,2721.75
5374,2720.25
5375,2720.25
5376,2720.25
5377,2720.25
5378,2720.25
5379,2720.25
5380,2720.25
5381,2720.25
5382,2720.25
5383,2720.25
5384,2718.75
5385,2718.75
5386,2717.25
5387,2717.25
5388,2715.75
5389,2715.75
5390,2715.75
5391,2715.75
5392,2715.75
5393,2715.75
5394,2715.75
5395,2717.25
5396,2717.25
5397,2718.75
5398,2718.75
5399,2720.25
5400,2720.25
5401,2715.75
5402,2720.25
5403,2715.75
5404,2715.75
5405,2720.25
5406,2720.25
5407,2720.25
5408,2720.25
5409,2720.25
5410,2720.25
5411,2720.25
5412,2720.25
5413,2715.75
5414,2721.75
5415,2720.25
5416,2720.25
5417,2720.25
5418,2720.25
5419,2712.75
5420,2712.75
5421,2709.75
5422,2711.25
5423,2706.75
5424,2708.25
5425,2705.25
5426,2705.25
5427,2703.75
5428,2705.25
5429,2703.75
5430,2703.75
5431,2702.25
5432,2703.75
5433,2703.75
5434,2705.25
5435,2703.75
5436,2706.75
5437,2705.25
5438,2706.75
5439,2706.75
5440,2708.25
5441,2702.25
5442,2708.25
5443,2706.75
5444,2708.25
5445,2706.75
5446,2706.75
5447,2706.75
5448,2706.75
5449,2705.25
5450,2706.75
5451,2703.75
5452,2705.25
5453,2703.75
5454,2705.25
5455,2703.75
5456,2705.25
5457,2705.25
5458,2705.25
5459,2705.25
5460,2700.75
5461,2705.25
5462,2706.75
5463,2700.75
5464,2706.75
5465,2706.75
5466,2706.75
5467,2706.75
5468,2706.75
5469,2706.75
5470,2706.75
5471,2706.75
5472,2706.75
5473,2706.75
5474,2706.75
5475,2706.75
5476,2706.75
5477,2706.75
5478,2706.75
5479,2706.75
5480,2706.75
5481,2700.75
5482,2706.75
5483,2706.75
5484,2705.25
5485,2705.25
5486,2706.75
5487,2705.25
5488,2706.75
5489,2706.75
5490,2706.75
5491,2705.25
5492,2705.25
5493,2705.25
5494,2705.25
5495,2703.75
5496,2705.25
5497,2702.25
5498,2702.25
5499,2700.75
5500,2702.25
5501,2700.75
5502,2700.75
5503,2700.75
5504,2700.75
5505,2700.75
5506,2702.25
5507,2700.75
5508,2702.25
5509,2702.25
5510,2703.75
5511,2702.25
5512,2703.75
5513,2703.75
5514,2703.75
5515,2703.75
5516,2705.25
5517,2703.75
5518,2703.75
5519,2697.75
5520,2699.25
5521,2702.25
5522,2703.75
5523,2699.25
5524,2700.75
5525,2697.75
5526,2699.25
5527,2696.25
5528,2697.75
5529,2694.75
5530,2696.25
5531,2694.75
5532,2694.75
5533,2693.25
5534,2694.75
5535,2691.75
5536,2693.25
5537,2691.75
5538,2691.75
5539,2690.25
5540,2691.75
5541,2688.75
5542,2690.25
5543,2688.75
5544,2685.75
5545,2688.75
5546,2690.25
5547,2688.75
5548,2688.75
5549,2688.75
5550,2688.75
5551,2687.25
5552,2687.25
5553,2685.75
5554,2685.75
5555,2685.75
5556,2685.75
5557,2684.25
5558,2684.25
5559,2682.75
5560,2682.75
5561,2682.75
5562,2682.75
5563,2681.25
5564,2681.25
5565,2681.25
5566,2681.25
5567,2679.75
5568,2679.75
5569,2679.75
5570,2679.75
5571,2678.25
5572,2678.25
5573,2678.25
5574,2678.25
5575,2676.75
5576,2676.75
5577,2676.75
5578,2672.25
5579,2676.75
5580,2676.75
5581,2676.75
5582,2676.75
5583,2675.25
5584,2676.75
5585,2675.25
5586,2675.25
5587,2675.25
5588,2675.25
5589,2675.25
5590,2675.25
5591,2675.25
5592,2675.25
5593,2673.75
5594,2673.75
5595,2675.25
5596,2673.75
5597,2673.75
5598,2675.25
5599,2673.75
5600,2675.25
5601,2673.75
5602,2673.75
5603,2672.25
5604,2673.75
5605,2672.25
5606,2672.25
5607,2672.25
5608,2672.25
5609,2672.25
5610,2672.25
5611,2672.25
5612,2672.25
5613,2670.75
5614,2672.25
5615,2670.75
5616,2672.25
5617,2670.75
5618,2670.75
5619,2670.75
5620,2670.75
5621,2670.75
5622,2670.75
5623,2670.75
5624,2670.75
5625,2670.75
5626,2670.75
5627,2670.75
5628,2670.75
5629,2670.75
5630,2670.75
5631,2670.75
5632,2666.25
5633,2670.75
5634,2670.75
5635,2670.75
5636,2670.75
5637,2670.75
5638,2672.25
5639,2672.25
5640,2672.25
5641,2672.25
5642,2667.75
5643,2667.75
5644,2672.25
5645,2672.25
5646,2670.75
5647,2670.75
5648,2670.75
5649,2670.75
5650,2669.25
5651,2669.25
5652,2669.25
5653,2669.25
5654,2669.25
5655,2669.25
5656,2669.25
5657,2669.25
5658,2669.25
5659,2669.25
5660,2669.25
5661,2669.25
5662,2669.25
5663,2669.25
5664,2669.25
5665,2669.25
5666,2669.25
5667,2669.25
5668,2669.25
5669,2669.25
5670,2669.25
5671,2669.25
5672,2669.25
5673,2663.25
5674,2669.25
5675,2667.75
5676,2669.25
5677,2663.25
5678,2663.25
5679,2663.25
5680,2667.75
5681,2667.75
5682,2669.25
5683,2667.75
5684,2669.25
5685,2669.25
5686,2669.25
5687,2669.25
5688,2669.25
5689,2669.25
5690,2670.75
5691,2669.25
5692,2670.75
5693,2669.25
5694,2670.75
5695,2669.25
5696,2670.75
5697,2670.75
5698,2670.75
5699,2670.75
5700,2666.25
5701,2670.75
5702,2670.75
5703,2670.75
5704,2670.75
5705,2666.25
5706,2672.25
5707,2670.75
5708,2670.75
5709,2670.75
5710,2670.75
5711,2670.75
5712,2670.75
5713,2670.75
5714,2670.75
5715,2670.75
5716,2670.75
5717,2670.75
5718,2666.25
5719,2664.75
5720,2664.75
5721,2669.25
5722,2669.25
5723,2667.75
5724,2667.75
5725,2666.25
5726,2661.75
5727,2666.25
5728,2666.25
5729,2664.75
5730,2664.75
5731,2664.75
5732,2664.75
5733,2663.25
5734,2663.25
5735,2663.25
5736,2663.25
5737,2663.25
5738,2663.25
5739,2661.75
5740,2663.25
5741,2661.75
5742,2663.25
5743,2663.25
5744,2663.25
5745,2663.25
5746,2663.25
5747,2658.75
5748,2664.75
5749,2663.25
5750,2660.25
5751,2664.75
5752,2666.25
5753,2666.25
5754,2666.25
5755,2666.25
5756,2667.75
5757,2666.25
5758,2667.75
5759,2667.75
5760,2667.75
5761,2667.75
5762,2667.75
5763,2667.75
5764,2667.75
5765,2667.75
5766,2667.75
5767,2667.75
5768,2667.75
5769,2667.75
5770,2667.75
5771,2667.75
5772,2667.75
5773,2667.75
5774,2667.75
5775,2663.25
5776,2663.25
5777,2667.75
5778,2666.25
5779,2666.25
5780,2666.25
5781,2664.75
5782,2664.75
5783,2664.75
5784,2664.75
5785,2664.75
5786,2664.75
5787,2664.75
5788,2663.25
5789,2663.25
5790,2663.25
5791,2663.25
5792,2663.25
5793,2663.25
5794,2663.25
5795,2663.25
5796,2664.75
5797,2663.25
5798,2664.75
5799,2663.25
5800,2664.75
5801,2664.75
5802,2664.75
5803,2663.25
5804,2664.75
5805,2664.75
5806,2664.75
5807,2664.75
5808,2660.25
5809,2664.75
5810,2664.75
5811,2664.75
5812,2664.75
5813,2664.75
5814,2664.75
5815,2664.75
5816,2664.75
5817,2664.75
5818,2664.75
5819,2664.75
5820,2663.25
5821,2663.25
5822,2663.25
5823,2661.75
5824,2661.75
5825,2661.75
5826,2661.75
5827,2660.25
5828,2660.25
5829,2658.75
5830,2658.75
5831,2658.75
5832,2654.25
5833,2658.75
5834,2658.75
5835,2658.75
5836,2658.75
5837,2658.75
5838,2658.75
5839,2658.75
5840,2658.75
5841,2658.75
5842,2658.75
5843,2658.75
5844,2657.25
5845,2657.25
5846,2657.25
5847,2657.25
5848,2657.25
5849,2657.25
5850,2657.25
5851,2655.75
5852,2655.75
5853,2655.75
5854,2655.75
5855,2654.25
5856,2655.75
5857,2655.75
5858,2655.75
5859,2655.75
5860,2655.75
5861,2654.25
5862,2654.25
5863,2654.25
5864,2655.75
5865,2654.25
5866,2654.25
5867,2652.75
5868,2654.25
5869,2652.75
5870,2654.25
5871,2652.75
5872,2652.75
5873,2652.75
5874,2652.75
5875,2652.75
5876,2651.25
5877,2651.25
5878,2651.25
5879,2649.75
5880,2649.75
5881,2648.25
5882,2648.25
5883,2648.25
5884,2648.25
5885,2646.75
5886,2646.75
5887,2646.75
5888,2646.75
5889,2645.25
5890,2646.75
5891,2645.25
5892,2645.25
5893,2645.25
5894,2645.25
5895,2645.25
5896,2645.25
5897,2643.75
5898,2643.75
5899,2643.75
5900,2643.75
5901,2643.75
5902,2642.25
5903,2642.25
5904,2642.25
5905,2637.75
5906,2642.25
5907,2642.25
5908,2643.75
5909,2637.75
5910,2643.75
5911,2643.75
5912,2643.75
5913,2639.25
5914,2639.25
5915,2643.75
5916,2643.75
5917,2637.75
5918,2642.25
5919,2642.25
5920,2642.25
5921,2640.75
5922,2640.75
5923,2640.75
5924,2640.75
5925,2640.75
5926,2640.75
5927,2640.75
5928,2640.75
5929,2639.25
5930,2640.75
5931,2639.25
5932,2640.75
5933,2639.25
5934,2640.75
5935,2639.25
5936,2640.75
5937,2639.25
5938,2640.75
5939,2639.25
5940,2642.25
5941,2640.75
5942,2642.25
5943,2640.75
5944,2637.75
5945,2636.25
5946,2637.75
5947,2642.25
5948,2637.75
5949,2642.25
5950,2642.25
5951,2637.75
5952,2642.25
5953,2640.75
5954,2640.75
5955,2642.25
5956,2640.75
5957,2640.75
5958,2640.75
5959,2639.25
5960,2639.25
5961,2639.25
5962,2639.25
5963,2639.25
5964,2637.75
5965,2637.75
5966,2637.75
5967,2637.75
5968,2636.25
5969,2636.25
5970,2636.25
5971,2636.25
5972,2636.25
5973,2636.25
5974,2636.25
5975,2634.75
5976,2634.75
5977,2634.75
5978,2634.75
5979,2633.25
5980,2633.25
5981,2633.25
5982,2633.25
5983,2631.75
5984,2631.75
5985,2631.75
5986,2631.75
5987,2631.75
5988,2631.75
5989,2630.25
5990,2630.25
5991,2630.25
5992,2630.25
5993,2630.25
5994,2630.25
5995,2628.75
5996,2630.25
5997,2628.75
5998,2628.75
5999,2628.75
6000,2628.75
6001,2627.25
6002,2627.25
6003,2627.25
6004,2627.25
6005,2627.25
6006,2625.75
6007,2625.75
6008,2625.75
6009,2625.75
6010,2625.75
6011,2621.25
6012,2625.75
6013,2625.75
6014,2625.75
6015,2624.25
6016,2625.75
6017,2624.25
6018,2624.25
6019,2624.25
6020,2624.25
6021,2624.25
6022,2624.25
6023,2622.75
6024,2624.25
6025,2622.75
6026,2622.75
6027,2622.75
6028,2622.75
6029,2621.25
6030,2621.25
6031,2621.25
6032,2621.25
6033,2619.75
6034,2619.75
6035,2618.25
6036,2619.75
6037,2618.25
6038,2619.75
6039,2618.25
6040,2618.25
6041,2618.25
6042,2618.25
6043,2618.25
6044,2618.25
6045,2616.75
6046,2618.25
6047,2616.75
6048,2616.75
6049,2616.75
6050,2616.75
6051,2615.25
6052,2615.25
6053,2615.25
6054,2615.25
6055,2613.75
6056,2613.75
6057,2613.75
6058,2612.25
6059,2612.25
6060,2612.25
6061,2612.25
6062,2612.25
6063,2610.75
6064,2610.75
6065,2610.75
6066,2610.75
6067,2609.25
6068,2610.75
6069,2609.25
6070,2609.25
6071,2609.25
6072,2609.25
6073,2607.75
6074,2609.25
6075,2607.75
6076,2607.75
6077,2607.75
6078,2607.75
6079,2607.75
6080,2603.25
6081,2607.75
